{
  "num_mean": {
    "Quantity": 12.825157886237657,
    "UnitPrice": 3.175423609038921,
    "LineAmount": 22.474254461010265
  },
  "num_std": {
    "Quantity": 145.51635714961705,
    "UnitPrice": 25.640352195545102,
    "LineAmount": 181.09691888632244
  }
}